アストレイグリーンフレーム,シャイニングガンダム,アストレイブルーフレーム,
アストレイブルーフレーム,ストライクガンダム,アストレイブルーフレームセカンドリバイ,アストレイグリーンフレーム,
アストレイブルーフレームセカンドリバイ,
アストレイレッドフレーム,アストレイレッドドラゴン,アストレイブルーフレーム,アストレイグリーンフレーム,ガンダムエクシア,
アッガイ,ベアッガイ,
インパルスガンダム,デスティニーガンダム,
ヴィクトリーガンダム,Vガンダムヘキサ,Vダッシュガンダム,V2ガンダム,∀ガンダム,
Vガンダムヘキサ,
V2ガンダム,
ウイングガンダム,ウイングガンダム(Endless Waltz版),ガンダムデスサイズヘル(Endless Waltz版),ガンダムヘビーアームズ(Endless Waltz版),ガンダムサンドロック(Endless Waltz版),シェンロンガンダム,ガンダムエピオン(Endless Waltz版),トールギス(Endless Waltz版),ガンダムキュリオス,
ウイングガンダムゼロ(Endless Waltz版),
エールストライクガンダム,ソードストライクガンダム,ランチャーストライクガンダム,ストライクルージュ,パーフェクトストライクガンダム,フリーダムガンダム,アストレイブルーフレーム,ビルドストライクガンダム(フルパッケージ),
ガーベラ・テトラ,
GNアーチャー,ガンダムキュリオス,
ガンキャノン,ジェスタ・キャノン,パーフェクトガンダム,
ガンダム,G-3ガンダム,陸戦型ガンダム,ガンダム試作1号機,ガンダムMk-IIティターンズ仕様,ヴィクトリーガンダム,
ガンダムヴァーチェ,
ガンダムヴァサーゴ,ガンダムヴァサーゴ チェストブレイク,
ガンダムヴァサーゴ チェストブレイク,
ガンダムAGE-1ノーマル,ガンダムAGE-2ノーマル,
ガンダムAGE-2ノーマル,ガンダムAGE-2ダークハウンド,
ガンダムエクシア,ガンダムデュナメス,ガンダムキュリオス,ガンダムヴァーチェ,ダブルオーガンダム,GNアーチャー,
ガンダムX,ガンダムヴァサーゴ,
ガンダムNT-1,νガンダム,Hi-νガンダム,
ガンダムサンドロック(Endless Waltz版),ウイングガンダムプロトゼロ(Endless Waltz版),ガンダムサンドロック改(Endless Waltz版),
ガンダムサンドロック改(Endless Waltz版),
ガンダム試作1号機,ガンダム試作2号機,ガーベラ・テトラ,
ガンダム試作2号機,
ガンダムデスサイズヘル(Endless Waltz版),ウイングガンダムプロトゼロ(Endless Waltz版),
ガンダムデュナメス,
ガンダムヘビーアームズ(Endless Waltz版),
ガンダムMK-IIエゥーゴ仕様,ガンダムMK-IIエゥーゴ仕様(バルカンポッド装備),百式,
ガンダムMk-IIエゥーゴ仕様(バルカンポッド装備),???,
ガンダムMk-IIティターンズ仕様,ガンダムMk-IIエゥーゴ仕様,ガンダムMk-IIティターンズ仕様(バルカンポッド装備),バンシィ,
ガンダムMk-IIティターンズ仕様(バルカンポッド装備),百式,
ガンタンク,ガンキャノン,
キュベレイ,ジ・O,キュベレイMk-II(エルピー・プル専用)
キュベレイMk-II(エルピー・プル仕様),
ギラ・ドーガ,ギラ・ドーガ(レズン・シュナイダー専用),ヤクト・ドーガ(ギュネイ・ガス専用),ヤクト・ドーガ(クェス・エア専用),ローゼン・ズール,
ギラ・ドーガ(レズン・シュナイダー専用),ヤクト・ドーガ(ギュネイ・ガス専用),ヤクト・ドーガ(クェス・エア専用),ローゼン・ズール,
グフ,ドム,グフカスタム,ギラ・ドーガ,
グフカスタム,
クロスボーン・ガンダムX1,
ゲルググ(シャア・アズナブル専用),ゲルググJ,高機動型(ジョニー・ライデン専用),ジオング,
ゲルググJ,
ケンプファー,トールギス(Endless Waltz版),
高機動型ゲルググ(ジョニー・ライデン専用),ゲルググJ,
高機動型ザク改(シン・マツナガ専用),高機動型ザク後期型(ジョニー・ライデン専用),ゲルググ(シャア・アズナブル専用),
高機動型ザク後期型(ジョニー・ライデン専用),高機動型ゲルググ(ジョニー・ライデン専用),
ゴッドガンダム,
ザクII,ザクマインレイヤー,高機動型ザク改(シン・マツナガ専用),グフ,
ザクIIFS(ガルマ・ザビ専用),ザクIIS(シャア・アズナブル専用),
ザクIIS(シャア・アズナブル専用),
ザクII改,ゲルググ(シャア・アズナブル専用),ケンプファー,
ザクマインレイヤー,ザクIIFS(ガルマ・ザビ専用),ザクII改,
サザビー,シナンジュ,
G-3ガンダム,ガンダムNT-1,
ジェガン,ジェスタ,
ジェスタ,スタークジェガン,
シェンロンガンダム,シェンロンガンダム(Endless Waltz)版,ガンダムヴァサーゴ,
ジ・O,
ジオング,キュベレイ,シナンジュ,
シナンジュ,
ジム,ガンダム,ガンタンク,ジム・コマンド(宇宙仕様),ジム・カスタム,ジムII,パワードジムカーディガン,
ジムII,ジムIII,
ジムIII,ジェガン,
ジム・カスタム,ジェガン,
ジム・コマンド(宇宙仕様),
ジンクス,ジンクスIII,
ジンクスIII,スサノオ,
ズゴック,アッガイ,ハイゴッグ,
スサノオ,
スタークジェガン,ジェスタ,
ストライクガンダム,ソードストライクガンダム,ランチャーストライクガンダム,ストライクルージュ,パーフェクトストライクガンダム,フリーダムガンダム,アストレイブルーフレーム,ビルドストライクガンダム(フルパッケージ),
ストライクフリーダムガンダム,
ストライクルージュ,アカツキ,
ストライクルージュ(I.W.S.P),ソードストライクガンダム,ランチャーストライクガンダム,ストライクルージュ(オオトリ装備),アカツキ(オオワシパック),
ストライクルージュ(オオトリ装備),アカツキ(シラヌイパック),
Sガンダム,
Zガンダム,ZZガンダム,ガンダムAGE-2ノーマル,Zプラス(テスト機カラータイプ),ライトニングガンダム,
Zプラス C1,
ソードストライクガンダム,???,
∀ガンダム,
ダブルオーガンダム,ダブルオーライザー(オーライザー),ダブルオーガンダム セブンソード/G,ダブルオークアンタ,
ダブルオーライザー(オーライザー),
ZZガンダム,
デスティニーガンダム,
デナン・ゾン,クロスボーン・ガンダムX1,ジンクス,
ドム,ドム・トローペン,ドム・トローペン(サンドブラウン),ジオング,
ドム・トローペン,ドム・トローペン(サンドブラウン),ドライセン(ユニコーンVer.),
ドム・トローペン(サンドブラウン),???,
ドライセン(ユニコーンVer.),
ドラゴンガンダム,
νガンダム,
ノーベルガンダム,
パーフェクトジオング,
パーフェクトストライクガンダム,
Hi-νガンダム,
ハイゴッグ,
バンシィ,ユニコーンガンダム,バンシィ(アームド・アーマー装備),
バンシィ(アームド・アーマー装備),
百式,Zガンダム,アカツキ,
ビルドストライクガンダム(フルパッケージ),ストライクガンダム,
フリーダムガンダム,ブリッツガンダム,デュエルガンダム,ストライクフリーダムガンダム,インパルスガンダム,
ブルーデスティニー1号機,ブルーデスティニー3号機,
ブルーデスティニー2号機,ブルーデスティニー3号機,
ブルーデスティニー3号機,ペイルライダー,Sガンダム,
プロヴィデンスガンダム,レジェンドガンダム,
ベアッガイ,ベアッガイIII,
ペイルライダー,
マスターガンダム,
ランチャーストライクガンダム,パーフェクトストライクガンダム,フリーダムガンダム,
レジェンドガンダム,
ユニコーンガンダム,シナンジュ,
陸戦型ガンダム,ガンダムEz8,ブルーデスティニー1号機,ブルーデスティニー2号機,
